13.73441195,12.36739676,17.72773215,18.04450358,square
20.4229389,11.44961025,15.77486689,19.75084346,square
13.16905473,11.89880124,13.91685181,22.16355559,square
12.27053293,11.92314658,16.64858662,16.81685383,square
15.84874822,14.38136636,16.51341438,15.23172798,square
15.49522251,12.71139161,12.05933596,18.56892399,square
14.60470552,13.31321399,17.45017028,20.54086882,square
19.48417331,13.13606569,14.77795324,17.492472,square
12.99635349,13.03545469,11.86708943,19.52395594,square
13.93008491,14.66934759,14.42873127,18.6352384,square
14.32592146,15.29397099,16.58310407,19.38736198,square
18.01855992,13.95299187,18.4305347,15.24346708,square
15.25240571,10.54211133,16.16061584,19.17812566,square
19.01642984,13.28130113,15.26890062,17.80481608,square
11.13894438,12.48268513,16.01402783,17.46803658,square
13.28757322,13.26201044,16.07739734,19.94372475,square
11.6776258,13.84364347,12.87346201,18.98051077,square
13.00993821,12.34485136,15.90889223,18.68551429,square
18.14846227,15.19335147,14.00054238,19.77770058,square
10.30212339,14.40503832,13.85887234,22.38749057,square
19.20780989,12.57899908,16.54705387,15.73190932,square
13.09545547,11.47819545,17.93693669,14.2667487,square
13.53908934,14.32805177,13.13877466,18.92655778,square
11.26159874,13.05501219,11.09925465,16.47851232,square
10.7391154,11.52825278,14.8070213,16.70457093,square
17.41097418,17.08744921,11.49780764,19.42618965,square
16.28104764,9.748387857,11.85854348,21.04449712,square
15.38918449,11.50418991,12.72120908,21.49673833,square
18.3396084,12.0803669,14.28198696,18.15052339,square
16.14351243,11.4038672,14.10521005,16.98138296,square
17.43082974,14.6152001,18.63199589,20.90077203,square
15.82187129,9.867513627,11.88231416,21.2509221,square
16.75015139,9.918390563,16.00641646,13.12537537,square
19.46527801,12.51946941,14.36761817,19.39129627,square
13.04951151,12.93201465,15.55397674,18.9201038,square
13.57253634,14.937849,16.18987876,19.27843443,square
16.82079267,14.19494406,13.50327171,19.75171821,square
19.14563173,12.28540017,12.4327329,18.51837588,square
17.41538109,10.38609403,11.20661541,18.29238625,square
13.28676906,14.28728624,13.10981591,13.09424387,square
18.53121244,11.53256902,15.35328899,16.38650241,square
13.53144887,12.23697228,16.97167842,16.78290129,square
13.41784672,14.53528956,14.54992413,17.96834176,square
17.88574802,13.38934945,14.86010458,18.59753236,square
14.12550978,11.47393369,9.406318384,18.03672265,square
19.15538352,12.21972374,11.39337695,19.5204709,square
16.87195717,12.06976684,16.3642756,19.23970474,square
12.05065979,14.4084233,14.5934477,17.10918319,square
12.34784108,12.87846756,17.60186704,17.3454646,square
16.58207283,11.93254845,17.33152744,23.21058157,square
20.34889519,10.03385356,12.42702454,17.83332782,square
20.06530152,11.61119354,11.99645016,16.52749536,square
15.9623933,13.84357571,11.42192574,16.73439652,square
20.24238787,12.30917603,17.6415431,16.96854438,square
12.33432954,12.8672134,13.09612757,20.2937423,square
14.6847199,12.80577967,14.63003084,19.87064249,square
9.179306213,11.08308673,11.66197481,20.1212286,square
14.21759427,14.18431177,10.37573308,18.16266543,square
13.4006792,12.42227726,13.47423582,15.87080685,square
15.99482594,13.65809308,17.65976768,16.979135,square
12.86228861,8.189175581,14.23360775,19.31253394,square
14.55181398,12.29027022,12.68674946,17.5687885,square
15.56927465,14.36534856,17.37763972,16.15784729,square
15.54878974,12.51863319,13.17288132,22.09756272,square
16.88063517,13.18067225,15.63362698,18.34815825,square
13.30421428,14.47251905,16.00576335,19.59157678,square
15.50737471,13.92916249,9.115659324,19.11554249,square
19.19178036,13.33992199,14.99942177,17.48946591,square
18.14861161,11.73668472,9.919027934,20.98812836,square
14.07502222,14.13313019,14.53480466,18.5330599,square
17.38970099,13.72665045,14.3102311,19.52607404,square
16.4882742,10.52630931,13.20322687,21.84934371,square
19.88558174,14.84924817,13.76465798,15.39844438,square
16.94266925,15.45078481,12.90881791,19.15701141,square
13.94611822,13.48692349,19.08513173,19.68444995,square
15.53854325,12.71594709,14.99733213,16.69245923,square
9.976302394,13.26585602,15.21514547,17.72786076,square
19.40580154,12.61076912,16.41848268,17.6616329,square
14.44489654,14.99890923,12.88136325,16.95781244,square
17.68192731,11.39667089,13.77242009,16.74149159,square
13.52232479,15.68144635,12.3474996,20.15111303,square
13.61542599,10.02201311,20.36268426,17.72308169,square
21.6490064,12.28197453,14.98272566,19.48241646,square
16.8950666,11.48469535,15.58062559,18.76194289,square
19.27894563,12.35640601,16.63014168,16.00787674,square
16.28431699,11.11077972,13.42364118,21.0390624,square
16.22209303,11.90258586,12.92920425,18.20850707,square
11.85741385,11.79280014,15.39290417,19.75017305,square
14.26874177,13.16809873,10.69777964,17.59915651,square
17.90253001,11.93708218,11.13960226,17.30450192,square
17.65416898,13.28759345,13.80948445,21.4048842,square
16.89284486,12.95720256,16.45072063,17.5021327,square
15.43192001,12.05637644,14.11541944,19.67664263,square
14.67283742,15.46780679,14.57015411,20.39913824,square
14.62192767,12.43261458,11.87933254,17.32506207,square
17.59181543,14.62293407,16.72626315,19.05926385,square
16.42993578,15.89769637,11.39951512,17.77356359,square
16.95465642,13.670097,13.45341254,20.55293882,square
17.1200541,12.98567723,15.31201996,16.00525367,square
14.27869687,14.191295,13.38190482,18.44175499,square
11.61283737,13.63334111,14.05805109,20.58706787,diamond
10.89896363,12.82077194,12.74713098,19.64471158,diamond
11.86053546,13.21831275,15.74406114,21.17977659,diamond
11.34730525,12.90321038,15.41501842,21.44957955,diamond
14.1517647,13.56401271,16.07470785,19.64718087,diamond
11.75792927,12.91217129,13.72570132,19.18239595,diamond
12.94256721,11.70951447,14.50571776,20.59715097,diamond
12.27713549,13.3732581,13.40877556,22.29453416,diamond
13.74503217,13.08010182,14.88332647,19.33420186,diamond
12.43232634,11.38787966,12.78610092,20.70616274,diamond
12.5756518,10.46769386,15.58384977,19.18845238,diamond
11.64197088,12.54266079,12.99673786,21.27226576,diamond
10.27426532,11.02843821,13.12628481,21.78919033,diamond
11.80546021,13.11252812,12.94748688,20.89710715,diamond
11.15582944,13.37944563,14.62368657,21.02445536,diamond
12.76412675,12.87489363,13.82849136,20.16800939,diamond
11.38853706,11.959198,13.46367496,21.44810921,diamond
12.94091609,13.74284572,14.1877026,22.48821018,diamond
11.14943636,12.61549143,14.03680633,21.49552286,diamond
10.80086505,11.34516365,14.32861157,21.52460252,diamond
14.3553326,10.95846645,12.30638332,20.15587027,diamond
14.18290935,12.85853748,13.48180743,22.99206794,diamond
11.25591004,11.84455248,14.90663675,20.65355542,diamond
12.39921608,12.50483615,17.15199308,21.15403776,diamond
14.51744323,12.99209586,14.14591062,21.55062405,diamond
12.65656525,11.54878488,15.09264701,18.32807737,diamond
12.6482502,12.92992281,13.62649816,20.31367704,diamond
13.57055937,11.62862594,14.48216386,20.06175194,diamond
12.05267517,12.85484274,15.43877597,19.22587215,diamond
14.35499403,12.51844358,14.37205307,18.87986668,diamond
11.48084739,12.46594415,15.00134117,21.77642684,diamond
11.70296366,12.29913475,13.28548204,20.69923849,diamond
11.78257701,12.66088112,11.81388353,22.26606391,diamond
11.87749067,11.81523235,14.47480854,22.25733083,diamond
11.29090348,12.19588168,15.91253466,19.32179097,diamond
11.35437082,12.69036818,12.7036525,20.31460164,diamond
11.41253584,13.17529226,14.01685143,19.99304641,diamond
10.86663605,12.13059208,16.01085246,21.67335279,diamond
10.97666717,12.29412806,13.08834056,21.17163853,diamond
11.76017995,13.73954596,13.72873686,18.02542473,diamond
11.42502413,12.16271927,13.26077958,21.25279244,diamond
12.7503849,12.55929025,13.26510784,21.42465344,diamond
14.30274797,12.77470274,16.90343946,20.26709455,diamond
14.01066002,11.57371566,13.64498305,20.97805957,diamond
12.03981816,11.58239509,13.33151733,21.49395714,diamond
11.81220044,11.27949801,12.8789815,20.7666115,diamond
13.36437641,12.17821166,14.42968609,22.03873485,diamond
13.2539414,13.31286007,15.49583144,20.40704445,diamond
12.27314522,14.22281832,12.84014171,20.06384248,diamond
12.30535913,12.03356805,13.13213464,20.15680538,diamond
13.89931035,12.43387123,14.31144182,21.16069281,diamond
11.76678028,13.13374152,14.5459545,22.15731135,diamond
11.29865025,12.9376159,16.24001092,20.78567258,diamond
12.78987583,15.36711378,14.5600893,21.59903293,diamond
12.37949669,12.11611476,14.17615128,23.20890358,diamond
12.50047107,13.64681156,14.81392597,20.41426167,diamond
12.28137104,10.95034405,13.95915547,19.71160507,diamond
12.48964579,11.57775943,14.94961423,19.93968572,diamond
12.54981163,12.15874689,13.89247649,20.76704129,diamond
13.90301864,13.1567166,15.01738426,19.20054869,diamond
10.99651669,11.29265422,14.12185265,21.71098992,diamond
12.61131803,12.95041141,13.29925591,20.57297668,diamond
12.49795536,12.05137918,15.08767324,20.68506545,diamond
13.30780646,12.5685087,14.43025295,20.4204323,diamond
11.49799353,11.99727494,13.28851629,23.24330817,diamond
11.49321293,12.04676239,15.67937006,21.89700783,diamond
11.47568183,13.79861253,14.37518364,18.97131385,diamond
12.35417846,13.13163907,14.10701744,19.81571928,diamond
13.26367305,11.99980206,14.71765673,20.56604485,diamond
11.42231081,11.34125552,14.26765238,21.00977559,diamond
11.06119379,11.82693551,14.62474378,21.0228797,diamond
13.16870064,12.76195571,14.28579053,20.39936164,diamond
13.65053187,12.33479484,14.00089402,18.93653511,diamond
12.5964988,12.45846687,14.59917723,20.62142317,diamond
11.54209235,10.97391675,15.38457377,20.52074985,diamond
11.48053776,13.11361259,14.70982601,19.95678016,diamond
12.24930278,12.38276945,14.52423532,20.68375067,diamond
11.8803349,13.58871696,16.26402534,18.87577992,diamond
11.0400493,12.22266898,14.32618789,21.65895606,diamond
12.07985044,12.95939718,12.14642647,21.51180281,diamond
13.68248716,12.75465635,15.13849029,20.86408002,diamond
11.62073585,12.42926711,16.04227841,20.20948426,diamond
13.49924341,13.85900596,14.22396345,20.58973598,diamond
10.89569362,12.72170928,13.58041399,19.9089501,diamond
14.51548042,14.26692882,14.03317816,20.61662581,diamond
11.97524,11.35019287,14.88406956,19.86684845,diamond
13.89414796,12.33778713,13.23177312,22.79228272,diamond
12.29797455,12.02792575,14.85087064,20.80895995,diamond
11.05231468,10.82082139,14.39998076,20.0634994,diamond
13.37939353,13.57279468,15.11738775,20.2160335,diamond
13.20907678,12.03092795,14.12348717,20.92069346,diamond
12.39493919,11.0257277,14.01654605,20.00067793,diamond
10.68205147,12.7078227,15.42347312,21.23824308,diamond
14.51314699,11.98049163,12.47170047,22.03919093,diamond
11.22079125,10.69619803,15.61518689,20.70852217,diamond
11.52566398,13.27349747,14.38466379,21.1529299,diamond
12.67822254,13.99738388,12.54081864,20.66067554,diamond
14.46744511,12.10410336,13.43410587,18.30762025,diamond
11.3371964,12.34159887,15.68990129,19.29049953,diamond
13.59590974,13.54088298,15.30499896,21.87525978,diamond
15.3835188,14.94590006,17.75,15.345457,triangle
15.23743723,15.03337385,17.75,15.345457,triangle
15.21450324,15.42940731,17.75,15.345457,triangle
15.30053844,15.19731265,17.75,15.345457,triangle
15.09400972,15.44291747,17.75,15.345457,triangle
15.09223235,14.95679687,17.75,15.345457,triangle
15.0271221,15.00626468,17.75,15.345457,triangle
15.24357042,15.29046793,17.75,15.345457,triangle
15.37631723,15.13335802,17.75,15.345457,triangle
15.13711303,14.76967887,17.75,15.345457,triangle
15.5246161,15.91618576,17.75,15.345457,triangle
15.63096611,15.74544369,17.75,15.345457,triangle
15.43918827,15.38087688,17.75,15.345457,triangle
15.22392934,15.5492317,17.75,15.345457,triangle
15.43790606,14.89799681,17.75,15.345457,triangle
15.27064497,15.17218634,17.75,15.345457,triangle
15.51345922,14.92167412,17.75,15.345457,triangle
15.22546419,14.8056562,17.75,15.345457,triangle
15.4160789,15.11697002,17.75,15.345457,triangle
15.22153061,15.09665288,17.75,15.345457,triangle
15.20756205,14.7948958,17.75,15.345457,triangle
15.33445979,15.10057267,17.75,15.345457,triangle
15.47428318,15.11473599,17.75,15.345457,triangle
15.18081974,15.24700518,17.75,15.345457,triangle
15.37139774,15.48086974,17.75,15.345457,triangle
15.1891203,14.91471684,17.75,15.345457,triangle
15.44822415,15.22335338,17.75,15.345457,triangle
15.09423524,15.30889323,17.75,15.345457,triangle
15.44423935,15.14653417,17.75,15.345457,triangle
15.2755018,15.02717167,17.75,15.345457,triangle
15.18168907,14.4880324,17.75,15.345457,triangle
15.32898062,15.01683727,17.75,15.345457,triangle
15.26539312,15.577636,17.75,15.345457,triangle
15.50870251,15.07702138,17.75,15.345457,triangle
15.14986119,15.807587,17.75,15.345457,triangle
15.1187945,14.67445252,17.75,15.345457,triangle
15.17087559,14.99541044,17.75,15.345457,triangle
15.30218728,15.06627119,17.75,15.345457,triangle
15.36537633,15.36397788,17.75,15.345457,triangle
15.30599788,15.37750746,17.75,15.345457,triangle
15.42285338,15.11974893,17.75,15.345457,triangle
15.23602817,14.85234429,17.75,15.345457,triangle
15.35408146,14.57272121,17.75,15.345457,triangle
15.09156813,14.33072644,17.75,15.345457,triangle
15.38295861,15.15600714,17.75,15.345457,triangle
15.20238352,15.19411499,17.75,15.345457,triangle
15.15503308,15.39542723,17.75,15.345457,triangle
15.06221984,14.92173323,17.75,15.345457,triangle
15.1449782,15.90569475,17.75,15.345457,triangle
15.11683093,15.29919776,17.75,15.345457,triangle
15.3584604,15.06381229,17.75,15.345457,triangle
15.23218736,15.27751681,17.75,15.345457,triangle
15.35688774,15.59085102,17.75,15.345457,triangle
15.24540712,15.22730474,17.75,15.345457,triangle
15.24120016,15.65731303,17.75,15.345457,triangle
15.27375453,15.42417906,17.75,15.345457,triangle
15.44121112,15.16693851,17.75,15.345457,triangle
15.22901426,14.89138581,17.75,15.345457,triangle
15.28294077,14.91526711,17.75,15.345457,triangle
15.31017163,14.98010206,17.75,15.345457,triangle
15.26985578,15.3640565,17.75,15.345457,triangle
15.42062219,15.36855143,17.75,15.345457,triangle
15.34936603,15.18469311,17.75,15.345457,triangle
15.43909978,14.95128702,17.75,15.345457,triangle
15.34918884,15.2355053,17.75,15.345457,triangle
15.24304074,15.81157272,17.75,15.345457,triangle
15.01743134,15.19500554,17.75,15.345457,triangle
15.22597649,14.9173244,17.75,15.345457,triangle
15.40364079,15.26823239,17.75,15.345457,triangle
15.45658492,14.65666528,17.75,15.345457,triangle
15.07857925,15.2300126,17.75,15.345457,triangle
15.328272,15.24398151,17.75,15.345457,triangle
15.27765196,14.7241732,17.75,15.345457,triangle
15.10722473,15.02300815,17.75,15.345457,triangle
15.24285451,14.93437992,17.75,15.345457,triangle
15.45214755,14.79962654,17.75,15.345457,triangle
15.36226186,15.65430484,17.75,15.345457,triangle
15.09335916,15.34974333,17.75,15.345457,triangle
15.290622,16.05613106,17.75,15.345457,triangle
15.15877078,15.53801852,17.75,15.345457,triangle
15.11302779,15.38157295,17.75,15.345457,triangle
15.2821159,15.15521714,17.75,15.345457,triangle
15.13236553,15.5164006,17.75,15.345457,triangle
15.11599915,15.38780428,17.75,15.345457,triangle
15.29388147,15.74243863,17.75,15.345457,triangle
15.22297222,15.26288605,17.75,15.345457,triangle
15.33156308,15.11048862,17.75,15.345457,triangle
15.25002614,15.19230763,17.75,15.345457,triangle
15.36143437,15.5120581,17.75,15.345457,triangle
15.33662359,14.7262477,17.75,15.345457,triangle
15.12600542,14.84422334,17.75,15.345457,triangle
15.21504904,14.87196914,17.75,15.345457,triangle
15.24814758,15.21992091,17.75,15.345457,triangle
15.27920154,14.76569418,17.75,15.345457,triangle
15.34336508,15.76509345,17.75,15.345457,triangle
15.27005989,14.91903749,17.75,15.345457,triangle
15.24014139,15.51070585,17.75,15.345457,triangle
15.20072334,15.31608191,17.75,15.345457,triangle
15.37219381,15.34323929,17.75,15.345457,triangle
15.16284174,15.47661015,17.75,15.345457,triangle
12.12,12.12,12.02831628,20.12,oblong
12.12,12.12,11.98732547,20.12,oblong
12.12,12.12,11.79383497,20.12,oblong
12.12,12.12,11.95122734,20.12,oblong
12.12,12.12,12.13476772,20.12,oblong
12.12,12.12,11.82534214,20.12,oblong
12.12,12.12,12.11701246,20.12,oblong
12.12,12.12,12.16491183,20.12,oblong
12.12,12.12,12.2089823,20.12,oblong
12.12,12.12,11.81695626,20.12,oblong
12.12,12.12,12.46107711,20.12,oblong
12.12,12.12,12.41628934,20.12,oblong
12.12,12.12,11.84232169,20.12,oblong
12.12,12.12,12.3487229,20.12,oblong
12.12,12.12,12.26270147,20.12,oblong
12.12,12.12,12.67418265,20.12,oblong
12.12,12.12,11.87971028,20.12,oblong
12.12,12.12,11.98576404,20.12,oblong
12.12,12.12,12.09498836,20.12,oblong
12.12,12.12,11.56975806,20.12,oblong
12.12,12.12,11.93157563,20.12,oblong
12.12,12.12,12.22544433,20.12,oblong
12.12,12.12,12.40911928,20.12,oblong
12.12,12.12,12.30261708,20.12,oblong
12.12,12.12,12.26119841,20.12,oblong
12.12,12.12,12.14306726,20.12,oblong
12.12,12.12,11.63595812,20.12,oblong
12.12,12.12,12.31436281,20.12,oblong
12.12,12.12,12.02186219,20.12,oblong
12.12,12.12,12.16333905,20.12,oblong
12.12,12.12,11.98206395,20.12,oblong
12.12,12.12,11.76866541,20.12,oblong
12.12,12.12,12.18782066,20.12,oblong
12.12,12.12,12.0470677,20.12,oblong
12.12,12.12,11.95768128,20.12,oblong
12.12,12.12,11.63524546,20.12,oblong
12.12,12.12,12.38553663,20.12,oblong
12.12,12.12,11.96954564,20.12,oblong
12.12,12.12,11.83585423,20.12,oblong
12.12,12.12,12.30284253,20.12,oblong
12.12,12.12,12.23804379,20.12,oblong
12.12,12.12,11.91291694,20.12,oblong
12.12,12.12,12.44804167,20.12,oblong
12.12,12.12,12.0032812,20.12,oblong
12.12,12.12,11.98274596,20.12,oblong
12.12,12.12,12.30314136,20.12,oblong
12.12,12.12,12.10971088,20.12,oblong
12.12,12.12,12.15399128,20.12,oblong
12.12,12.12,11.87808162,20.12,oblong
12.12,12.12,12.34346698,20.12,oblong
12.12,12.12,12.49664036,20.12,oblong
12.12,12.12,11.93254783,20.12,oblong
12.12,12.12,12.10670571,20.12,oblong
12.12,12.12,12.06766384,20.12,oblong
12.12,12.12,12.29180234,20.12,oblong
12.12,12.12,11.68992044,20.12,oblong
12.12,12.12,12.18911006,20.12,oblong
12.12,12.12,11.96637468,20.12,oblong
12.12,12.12,12.31128729,20.12,oblong
12.12,12.12,12.2086409,20.12,oblong
12.12,12.12,12.06932283,20.12,oblong
12.12,12.12,12.06559469,20.12,oblong
12.12,12.12,12.1012827,20.12,oblong
12.12,12.12,12.25101886,20.12,oblong
12.12,12.12,12.16661101,20.12,oblong
12.12,12.12,12.07744899,20.12,oblong
12.12,12.12,11.88016839,20.12,oblong
12.12,12.12,11.83319385,20.12,oblong
12.12,12.12,12.06265518,20.12,oblong
12.12,12.12,12.43242474,20.12,oblong
12.12,12.12,11.93985686,20.12,oblong
12.12,12.12,11.93987433,20.12,oblong
12.12,12.12,12.29355568,20.12,oblong
12.12,12.12,11.90475517,20.12,oblong
12.12,12.12,11.9716174,20.12,oblong
12.12,12.12,12.2450153,20.12,oblong
12.12,12.12,11.94551331,20.12,oblong
12.12,12.12,12.02379141,20.12,oblong
12.12,12.12,11.83367273,20.12,oblong
12.12,12.12,12.16770731,20.12,oblong
12.12,12.12,11.9620784,20.12,oblong
12.12,12.12,12.00945749,20.12,oblong
12.12,12.12,12.54439082,20.12,oblong
12.12,12.12,12.28874799,20.12,oblong
12.12,12.12,12.32207884,20.12,oblong
12.12,12.12,12.1790115,20.12,oblong
12.12,12.12,12.38239223,20.12,oblong
12.12,12.12,12.0634139,20.12,oblong
12.12,12.12,11.91882252,20.12,oblong
12.12,12.12,12.03542229,20.12,oblong
12.12,12.12,12.31985197,20.12,oblong
12.12,12.12,12.25603881,20.12,oblong
12.12,12.12,12.10944698,20.12,oblong
12.12,12.12,11.57976998,20.12,oblong
12.12,12.12,11.92069853,20.12,oblong
12.12,12.12,12.21847941,20.12,oblong
12.12,12.12,12.39974068,20.12,oblong
12.12,12.12,11.98062212,20.12,oblong
12.12,12.12,12.40297771,20.12,oblong
12.12,12.12,11.99860114,20.12,oblong
12.998,13.14313606,14.8876,20.887,oval
12.998,13.74150931,14.8876,20.887,oval
12.998,12.78813192,14.8876,20.887,oval
12.998,12.84862633,14.8876,20.887,oval
12.998,13.1519588,14.8876,20.887,oval
12.998,13.00077624,14.8876,20.887,oval
12.998,13.71155555,14.8876,20.887,oval
12.998,12.7536074,14.8876,20.887,oval
12.998,12.70594533,14.8876,20.887,oval
12.998,12.92020106,14.8876,20.887,oval
12.998,12.4361038,14.8876,20.887,oval
12.998,12.42282449,14.8876,20.887,oval
12.998,13.75410538,14.8876,20.887,oval
12.998,12.53361616,14.8876,20.887,oval
12.998,12.77242011,14.8876,20.887,oval
12.998,12.35486775,14.8876,20.887,oval
12.998,13.45924648,14.8876,20.887,oval
12.998,13.50011636,14.8876,20.887,oval
12.998,13.20383739,14.8876,20.887,oval
12.998,12.89521717,14.8876,20.887,oval
12.998,12.99496221,14.8876,20.887,oval
12.998,12.67481792,14.8876,20.887,oval
12.998,13.11243738,14.8876,20.887,oval
12.998,12.38246858,14.8876,20.887,oval
12.998,12.74377958,14.8876,20.887,oval
12.998,13.0946631,14.8876,20.887,oval
12.998,12.72354662,14.8876,20.887,oval
12.998,13.17538804,14.8876,20.887,oval
12.998,12.88623798,14.8876,20.887,oval
12.998,12.28466885,14.8876,20.887,oval
12.998,13.20987266,14.8876,20.887,oval
12.998,12.32855555,14.8876,20.887,oval
12.998,13.41562187,14.8876,20.887,oval
12.998,12.75060225,14.8876,20.887,oval
12.998,13.72907921,14.8876,20.887,oval
12.998,12.9733122,14.8876,20.887,oval
12.998,13.41903003,14.8876,20.887,oval
12.998,12.81553655,14.8876,20.887,oval
12.998,13.12320518,14.8876,20.887,oval
12.998,13.4083792,14.8876,20.887,oval
12.998,12.53463581,14.8876,20.887,oval
12.998,13.07865993,14.8876,20.887,oval
12.998,12.38235888,14.8876,20.887,oval
12.998,12.86138782,14.8876,20.887,oval
12.998,13.07832408,14.8876,20.887,oval
12.998,13.04405444,14.8876,20.887,oval
12.998,12.92210703,14.8876,20.887,oval
12.998,12.64054403,14.8876,20.887,oval
12.998,13.03303069,14.8876,20.887,oval
12.998,12.98191579,14.8876,20.887,oval
12.998,12.66424095,14.8876,20.887,oval
12.998,13.20107152,14.8876,20.887,oval
12.998,13.16931422,14.8876,20.887,oval
12.998,12.70009616,14.8876,20.887,oval
12.998,13.07232801,14.8876,20.887,oval
12.998,12.57841476,14.8876,20.887,oval
12.998,13.25481295,14.8876,20.887,oval
12.998,12.41100191,14.8876,20.887,oval
12.998,12.40014615,14.8876,20.887,oval
12.998,13.33424246,14.8876,20.887,oval
12.998,13.38161717,14.8876,20.887,oval
12.998,13.35885169,14.8876,20.887,oval
12.998,13.00269647,14.8876,20.887,oval
12.998,12.53152443,14.8876,20.887,oval
12.998,13.12270799,14.8876,20.887,oval
12.998,13.31943019,14.8876,20.887,oval
12.998,12.73125929,14.8876,20.887,oval
12.998,12.98207437,14.8876,20.887,oval
12.998,11.97349099,14.8876,20.887,oval
12.998,12.98597466,14.8876,20.887,oval
12.998,12.80470322,14.8876,20.887,oval
12.998,12.80289551,14.8876,20.887,oval
12.998,12.36685091,14.8876,20.887,oval
12.998,12.62930658,14.8876,20.887,oval
12.998,13.76811253,14.8876,20.887,oval
12.998,13.05801676,14.8876,20.887,oval
12.998,13.12771102,14.8876,20.887,oval
12.998,13.11580436,14.8876,20.887,oval
12.998,12.79185246,14.8876,20.887,oval
12.998,13.70164181,14.8876,20.887,oval
12.998,13.72506616,14.8876,20.887,oval
12.998,12.15696351,14.8876,20.887,oval
12.998,12.64132883,14.8876,20.887,oval
12.998,13.93998929,14.8876,20.887,oval
12.998,12.80601714,14.8876,20.887,oval
12.998,12.27609076,14.8876,20.887,oval
12.998,12.91340154,14.8876,20.887,oval
12.998,12.09767289,14.8876,20.887,oval
12.998,13.11421986,14.8876,20.887,oval
12.998,13.05567108,14.8876,20.887,oval
12.998,12.47726602,14.8876,20.887,oval
12.998,12.23504321,14.8876,20.887,oval
12.998,12.90357522,14.8876,20.887,oval
12.998,12.71167509,14.8876,20.887,oval
12.998,12.50962852,14.8876,20.887,oval
12.998,12.90447481,14.8876,20.887,oval
12.998,13.5407027,14.8876,20.887,oval
12.998,12.22297279,14.8876,20.887,oval
12.998,12.81820656,14.8876,20.887,oval
12.998,13.05982271,14.8876,20.887,oval
13.42968183,12.51190565,12.96161687,18.0159865,heart
12.56190732,12.49912314,13.59965362,17.82237955,heart
13.97883127,12.19384607,13.80405669,18.25616325,heart
11.92905261,12.27760182,12.74928572,17.46800979,heart
14.1885813,12.2328907,12.09210028,21.06487037,heart
12.61223287,12.1289945,12.8119559,13.56751766,heart
13.25886088,12.11861242,13.30346824,17.14414179,heart
14.67623131,12.27220641,12.66865935,18.04371673,heart
14.57372706,12.57732067,13.06106816,17.96390058,heart
13.39096752,12.314122,12.99079444,18.66751205,heart
13.93572639,12.23428978,12.90040312,17.6954171,heart
14.22206293,11.9496137,13.50569594,17.9851015,heart
13.37794918,12.01754287,13.39637275,18.40099575,heart
12.29201811,12.21661726,12.6996945,20.97952936,heart
13.30746732,12.16082777,13.49914148,14.61805789,heart
12.93563825,12.27794595,12.68814353,17.81072396,heart
14.30137402,12.72394396,13.36707862,21.66685353,heart
13.43053347,12.25520117,12.82104667,18.69525516,heart
12.38328574,11.94969959,13.31856312,19.51472897,heart
13.05058688,11.90626089,13.66935609,17.21610459,heart
14.17244982,12.14432445,13.25179969,17.27758224,heart
11.95654548,12.542478,14.08036207,16.12842761,heart
13.73768131,12.1263929,13.12654828,19.82312914,heart
13.49423307,12.24279473,12.7575211,17.37764102,heart
14.327426,11.99357617,13.18579331,21.95740266,heart
11.90978523,11.90471546,12.19810004,17.07165038,heart
13.30490753,12.42994798,13.20663149,20.43710964,heart
13.88085268,11.89706533,12.47089078,15.86305065,heart
12.49231577,12.50577852,13.09001083,17.67240966,heart
12.9723556,11.90241061,13.30084759,17.61642586,heart
12.99384314,12.35801742,13.01207881,19.73938623,heart
11.92159439,12.42354267,13.14257254,15.52826538,heart
12.83294682,12.12106798,13.41305237,22.78554556,heart
15.59571075,12.46444011,13.68183452,20.93955474,heart
13.03531679,12.14814728,13.77775199,21.34396879,heart
14.23777458,11.67295941,14.21302762,15.92326437,heart
13.11614312,11.98261763,13.06072777,20.07185201,heart
13.93339146,11.72617925,12.59989934,21.5801723,heart
13.79468617,11.79224632,12.58725311,13.82271316,heart
13.85830427,12.01529521,12.92058785,23.19428933,heart
13.68498362,12.53888064,12.6335423,18.65337436,heart
15.24775816,12.21429671,12.23143022,19.1682501,heart
13.96555068,12.40380101,12.79743094,18.60354009,heart
11.23215055,11.93923026,13.85763842,16.03645792,heart
11.8148428,12.42147973,13.53485781,17.53597025,heart
13.16278481,12.32014517,12.77790421,18.71079929,heart
14.78201532,12.45686,13.60913201,18.23015409,heart
13.64623663,12.31215767,12.82556317,16.45712812,heart
11.58066997,12.29910019,13.59686617,17.74771595,heart
14.43877657,12.50509711,12.90989179,16.93783464,heart
12.45496764,12.42454097,13.51903145,18.24265725,heart
12.36305084,12.05707272,12.112311,18.64879734,heart
13.13935718,12.18370952,12.99740821,20.92073141,heart
15.42127329,12.14415997,12.93063232,17.52719709,heart
13.15514408,12.19380648,13.04760253,18.34695784,heart
13.30053618,12.52281983,13.14533005,16.12305228,heart
11.6879707,12.42800387,13.14654752,19.20793602,heart
10.74520661,12.12513952,13.22742207,16.703536,heart
12.1473263,12.26758755,13.72479217,17.73613641,heart
13.53596597,12.56872705,13.11987494,19.34713667,heart
13.01678207,12.09186539,13.1070679,15.81685956,heart
12.79998882,12.45701074,12.28874971,16.5728103,heart
12.91029578,12.21540981,13.17674437,22.66969874,heart
15.13094707,11.71711169,13.07799055,16.04253231,heart
13.66643852,12.17901877,12.46261128,15.3425851,heart
14.75363987,12.07141593,12.43823748,19.16730277,heart
14.06132078,12.16135816,11.89929785,16.56332765,heart
14.00960822,12.32516562,12.96912577,21.74768134,heart
13.33751468,11.9516044,13.60289481,21.64070177,heart
12.97567457,11.86299102,14.06957126,20.45631325,heart
13.35818001,12.32567746,12.62920001,15.35060292,heart
12.89171117,12.22181789,12.27556989,20.32245018,heart
13.49118162,12.39373556,13.92900055,16.9709781,heart
12.86764827,12.00238433,13.01533334,15.66827614,heart
12.99487392,12.04992011,12.95917199,20.21714951,heart
12.23927111,11.94005239,13.55300103,21.62440383,heart
12.82976917,12.36955983,12.51312696,15.41705018,heart
14.84165905,12.19957134,12.77297865,14.6823793,heart
14.79071308,11.89515787,12.41365144,17.37593745,heart
14.18246048,12.22979177,13.55134032,17.902687,heart
14.25242812,12.30610433,13.32067959,15.32234189,heart
12.62888015,11.94705785,12.16670107,19.45412739,heart
13.72597973,12.11004829,12.76933993,18.07213614,heart
11.93753976,12.00783589,13.4464593,17.91453321,heart
14.15606508,11.79712643,13.85074164,16.74941826,heart
12.45000427,12.3942503,13.2645437,16.9324071,heart
11.87299914,12.32458386,13.0086237,19.8276238,heart
13.22313056,12.34373081,13.5841785,16.29520221,heart
14.62601674,11.94139047,12.74845428,16.72191519,heart
13.76454198,12.13804007,13.87005408,21.40814017,heart
12.57420398,12.30366308,12.86151038,21.1623689,heart
11.40127344,12.32438079,12.41645992,20.4421678,heart
12.98553141,12.00643599,12.87067628,18.02258327,heart
11.89926839,12.03641694,12.71460038,23.40405988,heart
13.31493862,12.1080236,13.09420825,19.3608252,heart
11.90952514,12.17957918,13.42662706,21.31275551,heart
13.33812626,12.36563659,13.50783757,18.84844942,heart
13.19363117,12.15901138,13.60415383,14.19630615,heart
14.05435957,12.38468961,13.30658283,16.02749313,heart
11.89713195,12.28627699,13.58646207,18.35716742,heart
